"seller_id","total_ordenes","calificacion_promedio"
"""1ca7077d890b907f89be8c954a02686a""","114","2.53"
"""2eb70248d66e0e3ef83659f71b244378""","188","2.91"
"""88460e8ebdecbfecb5f9601833981930""","246","3.23"
"b2479f944e1b90cf8a5de1bbfde284d6","102","3.33"
"""44073f8b7e41514de3b7815dd0237f4f""","143","3.35"
"""7c67e1448b00f6e969d365cea6b010ab""","980","3.35"
"""710e3548e02bc1d2831dfc4f1b5b14d4""","132","3.38"
"""25c5c91f63607446a97b143d2d535d31""","156","3.44"
"""897060da8b9a21f655304d50fd935913""","309","3.45"
"""1835b56ce799e6a4dc4eddc053f04066""","422","3.54"
"""36a968b544695394e4e9d7572688598f""","149","3.54"
"""213b25e6f54661939f11710a6fddb871""","155","3.60"
"e5a38146df062edaf55c38afa99e42dc","121","3.61"
"""2e90cb1677d35cfe24eef47d441b7c87""","127","3.62"
"""18a349e75d307f4b4cc646a691ed4216""","109","3.63"
"a673821011d0cec28146ea42f5ab767f","125","3.63"
"""431af27f296bc6519d890aa5a05fdb11""","117","3.66"
"""855668e0971d4dfd7bef1b6a4133b41b""","308","3.73"
"c33847515fa6305ce6feb1e818569f13","114","3.73"
"d2374cbcbb3ca4ab1086534108cc3ab7","522","3.73"
"""5656537e588803a555b8eb41f07a944b""","173","3.75"
"""70a12e78e608ac31179aea7f8422044b""","314","3.75"
"cfb1a033743668a192316f3c6d1d2671","144","3.75"
"""9c0e69c7bf2619675bbadf47b43f655a""","155","3.76"
"""8160255418d5aaa7dbdc9f4c64ebda44""","385","3.77"
"""92eb0f42c21942b6552362b9b114707d""","340","3.78"
"""4a3ca9315b744ce9f8e9374361493884""","1803","3.79"
"""634964b17796e64304cadf1ad3050fb7""","267","3.79"
"""229c3efbfb0ea2058de4ccdfbc3d784a""","121","3.80"
"""1900267e848ceeba8fa32d80c1a5f5a8""","410","3.83"
"""1b4c3a6f53068f0b6944d2d005c9fc89""","113","3.83"
"""8b28d096634035667e8263d57ba3368c""","142","3.83"
"cca3071e3e9bb7d12640c9fbe2301306","708","3.83"
"""7ad32824caee82087b3e2e5f33b1bf32""","151","3.85"
"e9d99831abad74458942f21e16f33f92","130","3.85"
"""7ddcbb64b5bc1ef36ca8c151f6ec77df""","331","3.86"
"""3c7c4a49ec3c6550809089c6a2ca9370""","141","3.87"
"c3867b4666c7d76867627c2f7fb22e21","230","3.87"
"ef506c96320abeedfb894c34db06f478","322","3.87"
"""0be8ff43f22e456b4e0371b2245e4d01""","158","3.89"
"e5a3438891c0bfdb9394643f95273d8e","223","3.89"
"f80edd2c5aaa505cc4b0a3b219abf4b8","117","3.89"
"f457c46070d02cadd8a68551231220dd","196","3.90"
"""522620dcb18a6b31cd7bdf73665113a9""","174","3.91"
"""8e6cc767478edae941d9bd9eb778d77a""","104","3.91"
"""00fc707aaaad2d31347cf883cd2dfe10""","103","3.92"
"""6560211a19b47992c3666cc44a7e94c0""","1844","3.92"
"""8a32e327fe2c1b3511609d81aaf9f042""","128","3.92"
"dd7ddc04e1b6c2c614352b383efe2d36","122","3.93"
"""2138ccb85b11a4ec1e37afbd1c8eda1f""","393","3.94"
"""259f7b5e6e482c230e5bfaa670b6bb8f""","137","3.94"
"""37515688008a7a40ac93e3b2e4ab203f""","228","3.94"
"""1127b7f2594683f2510f1c2c834a486b""","110","3.95"
"""2528513dd95219a6013d4d05176e391a""","160","3.95"
"b1fc4f64df5a0e8b6913ab38803c57a9","107","3.95"
"""001cca7ae9ae17fb1caed9dfb1094831""","200","3.96"
"""0dd184061fb0eaa7ca37932c68ab91c5""","161","3.96"
"""7040e82f899a04d1b434b795a43b4617""","209","3.96"
"a3e9a2c700480d9bb01fba070ba80a0e","130","3.96"
"b76dba6c951ab00dc4edf0a1aa88037e","159","3.96"
"ce27a3cc3c8cc1ea79d11e561e9bebb6","124","3.96"
"f4aba7c0bca51484c30ab7bdc34bcdd1","110","3.96"
"""4e922959ae960d389249c378d1c939f5""","420","3.97"
"""7178f9f4dd81dcef02f62acdf8151e01""","202","3.97"
"""8b321bb669392f5163d04c59e235e066""","942","3.97"
"b33e7c55446eabf8fe1a42d037ac7d6d","152","3.97"
"b499c00f28f4b7069ff6550af8c1348a","150","3.97"
"cbd996ad3c1b7dc71fd0e5f5df9087e2","165","3.97"
"""0adac9fbd9a2b63cccaac4f8756c1ca8""","107","3.98"
"""640e21a7d01df7614a3b4923e990d40c""","116","3.98"
"""2c9e548be18521d1c43cde1c582c6de8""","126","3.99"
"d1c281d3ae149232351cd8c8cc885f0d","215","3.99"
"""0b90b6df587eb83608a64ea8b390cf07""","164","4.00"
"dc4a0fc896dc34b0d5bfec8438291c80","231","4.00"
"f45122a9ab94eb4f3f8953578bc0c560","186","4.00"
"""1025f0e2d44d7041d6cf58b6550e0bfa""","915","4.01"
"""1f50f920176fa81dab994f9023523100""","1403","4.01"
"""391fc6631aebcf3004804e51b40bcf1e""","526","4.01"
"""813348c996469b40f2e028d5429d3495""","178","4.01"
"""8d956fec2e4337affcb520f56fd8cbfd""","210","4.01"
"f262cbc1c910c83959f849465454ddd3","191","4.01"
"""06a2c3af7b3aee5d69171b0e14f0ee87""","392","4.02"
"""5dceca129747e92ff8ef7a997dc4f8ca""","324","4.02"
"cd68562d3f44870c08922d380acae552","122","4.02"
"""6a8b085f816a1f75f92dbac6eb545f8f""","127","4.03"
"""7142540dd4c91e2237acb7e911c4eba2""","319","4.03"
"""218d46b86c1881d022bce9c68a7d4b15""","387","4.04"
"""7d13fca15225358621be4086e1eb0964""","565","4.04"
"""955fee9216a65b617aa5c0531780ce60""","1284","4.04"
"c31eff8334d6b3047ed34bebd4d62c36","122","4.04"
"da8622b14eb17ae2831f4ac5b9dab84a","1314","4.04"
"ea8482cd71df3c1969d7b9473ff13abc","1145","4.04"
"""6d66611d7c44cc30ce351abc49a68421""","165","4.05"
"e26901d5ab434ce92fd9b5c256820a4e","198","4.05"
"dd2bdf855a9172734fbc3744021ae9b9","106","4.06"
"""0c8380b62e38e8a1e6adbeba7eb9688c""","182","4.07"
"e9779976487b77c6d4ac45f75ec7afe9","650","4.07"
"""17ca9b9e9b9ef8fdb529001b49ebb50f""","116","4.08"
"""4c2b230173bb36f9b240f2b8ac11786e""","261","4.08"
"""850f4f8af5ea87287ac68de36e29107f""","187","4.08"
"""16090f2ca825584b5a147ab24aa30c86""","402","4.09"
"""5a8e7d5003a1f221f9e1d6e411de7c23""","138","4.09"
"c826c40d7b19f62a09e2d7c5e7295ee2","353","4.09"
"de722cd6dad950a92b7d4f82673f8833","339","4.09"
"""3d871de0142ce09b7081e2b9d1733cb1""","1076","4.10"
"""79ebd9a61bac3eaf882805ed4ecfa12a""","136","4.10"
"cc419e0650a3c5ba77189a1882b7556a","1690","4.10"
"d94a40fd42351c259927028d163af842","101","4.10"
"""1c68394e931a64f90ea236c5ea590300""","142","4.11"
"""53243585a1d6dc2643021fd1853d8905""","352","4.11"
"""7d76b645482be4a332374e8223836592""","176","4.11"
"""95e03ca3d4146e4011985981aeb959b9""","175","4.11"
"""4869f7a5dfa277a7dca6462dcf3b52b2""","1131","4.12"
"""537eb890efff034a88679788b647c564""","160","4.12"
"""7aa4334be125fcdd2ba64b3180029f14""","217","4.12"
"ceaec5548eefc6e23e6607c5435102e7","201","4.12"
"aaed1309374718fdd995ee4c58c9dfcd","105","4.13"
"d91fb3b7d041e83b64a00a3edfb37e4f","530","4.13"
"""1e8b33f18b4f7598d87f5cbee2282cc2""","123","4.15"
"""59b22a78efb79a4797979612b885db36""","125","4.15"
"a1043bafd471dff536d0c462352beb48","715","4.15"
"""128639473a139ac0f3e5f5ade55873a5""","532","4.16"
"""562fc2f2c2863ab7e79a9e4388a58a14""","258","4.16"
"""669ae81880e08f269a64487cfb287169""","161","4.16"
"f8db351d8c4c4c22c6835c19a46f01b0","666","4.17"
"""4d6d651bd7684af3fffabd5f08d12e5a""","368","4.19"
"""53e4c6e0f4312d4d2107a8c9cddf45cd""","470","4.19"
"""9b013e03b2ab786505a1d3b5c0756754""","172","4.19"
"b2ba3715d723d245138f291a6fe42594","328","4.19"
"c9c7905cffc4ef9ff9f113554423e671","127","4.19"
"""0ea22c1cfbdc755f86b9b54b39c16043""","236","4.20"
"""620c87c171fb2a6dd6e8bb4dec959fc6""","730","4.20"
"""7e93a43ef30c4f03f38b393420bc753a""","324","4.20"
"dbb9b48c841a0e39e21f98e1a6b2ec3e","108","4.20"
"""7008613ea464bad5cb9b83456e1e6a8f""","127","4.21"
"dbc22125167c298ef99da25668e1011f","401","4.21"
"""004c9cd9d87a3c30c522c48c4fc07416""","158","4.23"
"""2a84855fd20af891be03bc5924d2b453""","161","4.23"
"""41b39e28db005d9731d9d485a83b4c38""","191","4.23"
"""7722b1df1b0e383e000397b2c11e3e19""","134","4.23"
"""7a67c85e85bb2ce8582c35f2203ad736""","1159","4.23"
"""85d9eb9ddc5d00ca9336a2219c97bb13""","506","4.23"
"e9bc59e7b60fc3063eb2290deda4cced","213","4.23"
"f5a590cf36251cf1162ea35bef76fe84","114","4.23"
"f7ba60f8c3f99e7ee4042fdef03b70c4","219","4.23"
"""17e34d8224d27a541263c4c64b11a56b""","253","4.24"
"""1c129092bf23f28a5930387c980c0dfc""","201","4.24"
"""1da3aeb70d7989d1e6d9b0e887f97c23""","264","4.24"
"ccc4bbb5f32a6ab2b7066a4130f114e3","187","4.24"
"""1554a68530182680ad5c8b042c3ab563""","247","4.26"
"""2e1c9f22be269ef4643f826c9e650a52""","166","4.26"
"""86ccac0b835037332a596a33b6949ee1""","179","4.26"
"""17a053fcb14bd219540cbde0df490be0""","125","4.27"
"b4ffb71f0cb1b1c3d63fad021ecf93e1","144","4.27"
"c003204e1ab016dfa150abc119207b24","197","4.28"
"db4350fd57ae30082dec7acbaacc17f9","137","4.28"
"""01fdefa7697d26ad920e9e0346d4bd1b""","129","4.29"
"""1a3df491d1c4f1589fc2b934ada68bf2""","166","4.29"
"""48436dade18ac8b2bce089ec2a041202""","135","4.29"
"""7e1fb0a3ebfb01ffb3a7dae98bf3238d""","157","4.29"
"""59fb871bf6f4522a87ba567b42dafecf""","125","4.31"
"""76d5af76d0271110f9af36c92573f765""","131","4.31"
"""77530e9772f57a62c906e1c21538ab82""","319","4.31"
"cab85505710c7cb9b720bceb52b01cee","206","4.31"
"fa1c13f2614d7b5c4749cbc52fecda94","582","4.31"
"a416b6a846a11724393025641d4edd5e","157","4.33"
"""46dc3b2cc0980fb8ec44634e21d2718e""","509","4.34"
"bfd27a966d91cfaafdb25d076585f0da","116","4.34"
"d98eec89afa3380e14463da2aabaea72","168","4.34"
"""6cd68b3ed6d59aaa9fece558ad360c0a""","149","4.35"
"c3cfdc648177fdbbbb35635a37472c53","278","4.35"
"""0db783cfcd3b73998abc6e10e59a102f""","132","4.36"
"""4830e40640734fc1c52cd21127c341d4""","207","4.36"
"ac3508719a1d8f5b7614b798f70af136","103","4.37"
"""7299e27ed73d2ad986de7f7c77d919fa""","337","4.38"
"""8581055ce74af1daba164fdbd55a40de""","385","4.38"
"""9f505651f4a6abe901a56cdc21508025""","397","4.38"
"aafe36600ce604f205b86b5084d3d767","129","4.38"
"""0241d4d5d36f10f80c644447315af0bd""","238","4.39"
"""54a1852d1b8f10312c55e906355666ee""","200","4.39"
"c70c1b0d8ca86052f45a432a38b73958","260","4.39"
"fc906263ca5083d09dce42fe02247800","114","4.39"
"""37be5a7c751166fbc5f8ccba4119e043""","272","4.40"
"""87142160b41353c4e5fca2360caf6f92""","305","4.40"
"a3a38f4affed601eb87a97788c949667","254","4.40"
"""00ee68308b45bc5e2660cd833c3f81cc""","135","4.41"
"""5cf13accae3222c70a9cac40818ae839""","149","4.42"
"""66922902710d126a0e7d26b0e3805106""","151","4.42"
"ef0ace09169ac090589d85746e3e036f","129","4.43"
"""4b9750c8ad28220fe6702d4ecb7c898f""","218","4.44"
"""8f2ce03f928b567e3d56181ae20ae952""","153","4.44"
"""33a6f4b1e7cdc205511e76ba1b6e0186""","105","4.45"
"""6edacfd9f9074789dad6d62ba7950b9c""","207","4.45"
"""289cdb325fb7e7f891c38608bf9e0962""","110","4.46"
"""612170e34b97004b3ba37eae81836b4c""","107","4.46"
"""70eea00b476a314817cefde4aad4f89a""","108","4.46"
"""0bae85eb84b9fb3bd773911e89288d54""","137","4.47"
"""6c7d50c24b3ccd2fd83b44d8bb34e073""","113","4.48"
"de23c3b98a88888289c6f5cc1209054a","163","4.48"
"fe2032dab1a61af8794248c8196565c9","294","4.48"
"febab0275244b9a49a623f0bd613ca2f","109","4.48"
"""4371b634e0efc0e22b09b52907d9d469""","101","4.50"
"fa40cc5b934574b62717c68f3d678b6d","306","4.51"
"""25e6ffe976bd75618accfe16cefcbd0d""","107","4.53"
"edb1ef5e36e0c8cd84eb3c9b003e486d","166","4.53"
"""42b729f859728f5079499127a9c2ef37""","104","4.55"
"""12b9676b00f60f3b700e83af21824c0e""","134","4.57"
"""8c16d1f32a54d92897cc437244442e1b""","108","4.57"
"""3b15288545f8928d3e65a8f949a28291""","104","4.65"
"""080102cd0a76b09e0dcf55fcacc60e05""","123","4.66"
